Generation,Alive,AvgHealth,AvgHunger,Apples,AvgMaxQ,LeaderGenes
176895524.2589,7,73.9190476190491,-39.121428571424936,12,2.6564129951793793,63.81524486469696
176895524.2623,7,40.585714285717664,-89.12142857142211,12,2.6564129951793793,63.81524486469696
176895524.2659,7,7.252380952384052,-139.12142857142243,12,2.6564129951793793,63.81524486469696
176895526.4701,6,100,67.25000000000186,15,1.582435705170053,44.88277811553985
176895526.4735,6,100,17.250000000003475,15,1.582435705170053,44.88277811553985
176895526.477,6,78.47222222222344,-19.716666666663425,13,1.6518110016451775,44.88277811553985
176895526.4804,6,50.69444444444724,-69.71666666666066,13,1.6518110016451775,44.88277811553985
176895526.4839,6,20.18888888889163,-119.7166666666609,13,1.6518110016451775,44.88277811553985
176895526.4873,1,50.300000000002825,-74.54999999999436,13,4.951817009871065,0
176895526.4908,1,16.966666666669784,-124.54999999999151,13,4.951817009871065,0
176895528.695,7,100,71.74285714285875,15,1.4081617331106595,44.1703162820516
176895528.6984,7,100,21.74285714286086,15,1.4081617331106595,44.1703162820516
176895528.7019,7,81.16190476190583,-28.257142857139574,15,1.4081617331106595,44.1703162820516
176895528.7054,7,47.82857142857439,-78.257142857137,15,1.4081617331106595,44.1703162820516
176895528.7089,7,14.4952380952412,-128.25714285713454,15,1.4081617331106595,44.1703162820516
176895530.9137,6,100,76.15000000000136,16,1.6554415519411243,55.60147959401106
176895530.9172,6,100,26.15000000000363,16,1.6554415519411243,55.60147959401106
176895530.9207,6,84.1000000000009,-23.849999999996655,16,1.6554415519411243,55.60147959401106
176895530.9241,6,50.766666666669465,-73.8499999999944,16,1.6554415519411243,55.60147959401106
176895530.9276,6,17.433333333336567,-123.84999999999194,16,1.6554415519411243,55.60147959401106
176895533.1318,6,100,90.1333333333339,19,2.4894635000000003,62.25806049490848
176895533.1353,6,100,49.91666666666951,16,4.458960771661204,62.25806049490848
176895533.1388,6,95.63888888888914,11.166666666669913,14,5.1745994210445,62.25806049490848
176895533.1422,6,73.27222222222373,-38.833333333328945,14,5.1745994210445,62.25806049490848
176895533.1457,6,40.77777777778078,-88.83333333332688,14,5.1745994210445,62.25806049490848
176895533.1491,2,35.41666666667034,-96.8749999999931,14,10.550407763133503,0
176895533.1526,1,5.033333333336442,-142.4499999999946,14,9.283831896299784,0
176895535.3574,7,100,58.37142857143094,10,3.7582785187673697,41.92817409823489
176895535.3609,7,100,8.371428571432169,10,3.7582785187673697,41.92817409823489
176895535.3644,7,72.24761904762063,-41.62857142856749,10,3.7582785187673697,41.92817409823489
176895535.3679,7,38.914285714289186,-91.62857142856481,10,3.7582785187673697,41.92817409823489
176895535.3713,7,5.58095238095553,-141.62857142856632,10,3.7582785187673697,41.92817409823489
176895537.5756,6,100,82.10833333333436,12,2.4894635000000003,31.646487582865632
176895537.579,6,100,37.833333333336775,11,2.4894635000000003,31.646487582865632
176895537.5825,6,90.21111111111166,-12.166666666663204,11,2.4894635000000003,31.646487582865632
176895537.5859,6,58.55555555555791,-62.16666666666172,11,2.4894635000000003,31.646487582865632
176895537.5894,6,25.22222222222555,-112.16666666665888,11,2.4894635000000003,31.646487582865632
176895537.5928,1,10.066666666669757,-134.89999999999287,11,4.956781,31.646487582865632
176895539.797,7,100,63.34285714285922,11,1.4188422877880902,65.60941787987427
176895539.8005,7,100,19.057142857146676,10,2.101044977325745,65.60941787987427
176895539.804,7,79.37142857142975,-30.942857142853217,10,2.101044977325745,65.60941787987427
176895539.8075,7,46.03809523809831,-80.94285714285081,10,2.101044977325745,65.60941787987427
176895539.811,7,12.704761904765137,-130.94285714285033,10,2.101044977325745,65.60941787987427
176895539.8144,1,3.1163821523350066e-12,-149.9999999999941,10,4.775418826763584,0
176895542.0186,7,100,52.057142857145585,13,2.1116052396109652,55.80532414137158
176895542.0221,7,100,7.7714285714324225,12,2.810495284598545,55.80532414137158
176895542.0255,7,71.84761904762065,-42.22857142856707,12,2.810495284598545,55.80532414137158
176895542.029,7,38.51428571428921,-92.22857142856446,12,2.810495284598545,55.80532414137158
176895542.0324,7,5.180952380955565,-142.2285714285664,12,2.810495284598545,55.80532414137158
176895544.2366,6,100,90.60833333333386,15,4.990000000000001,47.55764125447996
176895544.2401,6,100,40.60833333333671,15,4.990000000000001,47.55764125447996
176895544.2435,6,93.73888888888924,-9.391666666663125,15,4.990000000000001,47.55764125447996
176895544.247,6,60.405555555557804,-59.39166666666188,15,4.990000000000001,47.55764125447996
176895544.2505,6,27.072222222225843,-109.39166666665905,15,4.990000000000001,47.55764125447996
176895546.4547,6,100,90.0083333333339,20,0.8316666666666667,42.21772691442373
176895546.4581,6,100,45.633333333336424,19,0.9869018370637219,42.21772691442373
176895546.4616,6,94.45000000000032,-4.366666666663094,19,0.9023186961447167,42.21772691442373
176895546.4651,6,63.75555555555761,-54.3666666666621,19,0.8462848589825785,42.21772691442373
176895546.4685,6,30.422222222225702,-104.36666666665934,19,0.8462848589825785,42.21772691442373
176895546.472,1,15.833333333336403,-126.24999999999142,19,0.08770915389547096,0
176895548.6763,6,100,78.00833333333458,17,3.9927900744339695,58.78428467721511
176895548.6797,6,100,28.008333333336868,17,3.9927900744339695,58.78428467721511
176895548.6832,6,85.33888888888971,-21.991666666663317,17,3.9927900744339695,58.78428467721511
176895548.6866,6,52.00555555555828,-71.99166666666117,17,3.9927900744339695,58.78428467721511
176895548.6901,6,18.672222222225514,-121.99166666665866,17,3.9927900744339695,58.78428467721511
176895550.8943,6,100,90.09166666666722,19,0.8301666666666666,38.84544298973908
176895550.8977,6,100,45.58333333333642,16,3.0365288465835767,38.84544298973908
176895550.9012,6,94.50555555555587,-4.416666666663095,16,3.0365288465835767,38.84544298973908
176895550.9046,6,63.72222222222428,-54.41666666666211,16,3.0365288465835767,38.84544298973908
176895550.9081,6,30.38888888889238,-104.41666666665934,16,3.0365288465835767,38.84544298973908
176895550.9115,1,15.300000000003072,-127.04999999999137,16,13.238173079501461,0
176895553.1158,6,100,73.85833333333481,13,3.8460291733872993,51.6123026591553
176895553.1192,6,100,23.85833333333706,13,3.8361162304825513,51.6123026591553
176895553.1227,6,82.57222222222322,-26.141666666663358,13,3.8361162304825513,51.6123026591553
176895553.1262,6,49.23888888889178,-76.14166666666092,13,3.8361162304825513,51.6123026591553
176895553.1296,6,15.905555555558715,-126.14166666665847,13,3.8361162304825513,51.6123026591553
176895555.3338,6,100,81.27500000000106,15,1.6330597488219898,39.5662893991127
176895555.3373,6,100,35.05000000000359,14,2.429085308392789,39.5662893991127
176895555.3407,6,89.73888888888946,-14.949999999996558,14,2.429085308392789,39.5662893991127
176895555.3443,6,56.70000000000246,-64.9499999999949,14,2.429085308392789,39.5662893991127
176895555.3477,6,23.366666666670046,-114.94999999999207,14,2.429085308392789,39.5662893991127
176895555.3511,1,1.7666666666697852,-147.3499999999957,14,4.7761533574247945,39.5662893991127
176895557.5553,6,100,57.758333333335734,16,2.7005583247074605,62.45683375614518
176895557.5588,6,100,7.758333333336796,16,2.7005583247074605,62.45683375614518
176895557.5623,6,71.8388888888905,-42.24166666666253,16,2.7005583247074605,62.45683375614518
176895557.5658,6,38.50555555555905,-92.24166666666002,16,2.7005583247074605,62.45683375614518
176895557.5692,6,5.172222222225455,-142.24166666666238,16,2.7005583247074605,62.45683375614518
176895559.7734,6,100,90.15000000000056,21,0.8261423166666666,46.925939087710766
176895559.7768,6,100,40.1500000000034,21,0.8261423166666666,46.925939087710766
176895559.7803,6,93.60555555555591,-3.18333333332979,20,0.8261423166666666,46.925939087710766
176895559.7838,6,63.70555555555762,-53.18333333332879,20,0.8261423166666666,46.925939087710766
176895559.7873,6,30.372222222225705,-103.1833333333261,20,0.8261423166666666,46.925939087710766
176895559.7907,1,15.566666666669738,-119.09999999999211,20,4.9568539,0
176895561.9956,6,100,72.98333333333487,20,3.200034735819912,54.8123598480121
176895561.9991,6,100,22.983333333337004,20,3.200034735819912,54.8123598480121
176895562.0026,6,81.98888888888992,-27.016666666663372,20,3.200034735819912,54.8123598480121
176895562.006,6,48.65555555555847,-77.01666666666087,20,3.200034735819912,54.8123598480121
176895562.0095,6,15.322222222225376,-127.01666666665851,20,3.200034735819912,54.8123598480121
176895564.2137,6,100,81.19166666666773,26,0.8225584932796814,25.076245840518098
176895564.2171,6,100,49.00833333333654,21,3.8099444169171615,25.076245840518098
176895564.2206,6,93.33333333333371,-0.9916666666627473,21,3.8099444169171615,25.076245840518098
176895564.2241,6,66.00555555555748,-50.991666666661786,21,3.8099444169171615,25.076245840518098
176895564.2275,6,32.67222222222541,-100.99166666665916,21,3.8099444169171615,25.076245840518098
176895564.231,3,12.011111111114298,-131.98333333332582,21,7.619888833834323,0
176895566.4352,6,100,80.00000000000114,25,4.990000000000001,66.27202787793159
176895566.4386,6,100,36.866666666670135,22,5.717386736014379,66.27202787793159
176895566.4421,6,88.88888888888953,-13.133333333329885,22,5.717386736014379,66.27202787793159
176895566.4456,6,57.911111111113506,-63.133333333328295,22,5.717386736014379,66.27202787793159
176895566.4491,6,24.577777777780998,-113.1333333333255,22,5.717386736014379,66.27202787793159
176895566.4525,1,14.13333333333641,-128.79999999999148,22,9.354320416086264,0
176895568.6567,6,100,75.62500000000138,23,1.7216163788460481,56.19711037944949
176895568.6602,6,100,25.625000000003656,23,1.7216163788460481,56.19711037944949
176895568.6636,6,83.75000000000092,-24.374999999996664,23,1.7216163788460481,56.19711037944949
176895568.6671,6,50.41666666666949,-74.37499999999436,23,1.7216163788460481,56.19711037944949
176895568.6706,6,17.08333333333655,-124.37499999999189,23,1.7216163788460481,56.19711037944949
176895570.8748,7,100,86.12142857142935,17,5.461530616954865,32.3554691837052
176895570.8783,7,100,44.185714285717395,14,6.607110620710219,32.3554691837052
176895570.8817,7,92.69523809523851,-5.814285714282208,14,6.607110620710219,32.3554691837052
176895570.8852,7,62.79047619047831,-55.81428571428096,14,6.607110620710219,32.3554691837052
176895570.8886,7,29.457142857146188,-105.81428571427831,14,6.607110620710219,32.3554691837052
176895570.8921,2,12.000000000003276,-131.99999999999406,14,11.008827240214845,0
176895573.097,6,100,84.15833333333424,15,3.291971547698484,61.14317534199048
176895573.1004,6,100,34.158333333337005,15,3.291971547698484,61.14317534199048
176895573.1039,6,89.43888888888948,-15.841666666663231,15,3.291971547698484,61.14317534199048
176895573.1074,6,56.105555555558055,-65.84166666666151,15,3.291971547698484,61.14317534199048
176895573.1108,6,22.772222222225622,-115.84166666665868,15,3.291971547698484,61.14317534199048
176895575.315,6,100,91.00833333333385,14,1.6580398333333335,44.827304822386985
176895575.3185,6,100,42.5833333333366,12,3.0134131210174053,44.827304822386985
176895575.3219,6,94.57777777777808,-7.416666666663127,12,3.0134131210174053,44.827304822386985
176895575.3254,6,61.722222222224396,-57.41666666666199,12,3.0134131210174053,44.827304822386985
176895575.3289,6,28.3888888888925,-107.41666666665917,12,3.0134131210174053,44.827304822386985
176895575.3323,1,2.866666666669783,-145.69999999999533,12,13.122239726104432,0
176895577.5365,6,100,59.77500000000229,13,1.6146463100389383,55.88770751091908
176895577.54,6,100,9.775000000003638,13,1.6146463100389383,55.88770751091908
176895577.5435,6,73.18333333333486,-40.224999999996044,13,1.6146463100389383,55.88770751091908
176895577.5469,6,39.85000000000342,-90.22499999999347,13,1.6146463100389383,55.88770751091908
176895577.5505,6,6.516666666669827,-140.22499999999476,13,1.6146463100389383,55.88770751091908
176895579.7546,6,100,80.25000000000112,24,0.8227489431666668,41.01782207633027
176895579.7581,6,100,34.35000000000363,23,1.6244479889554981,41.01782207633027
176895579.7616,6,89.05555555555618,-15.649999999996576,23,1.6244479889554981,41.01782207633027
176895579.7651,6,56.23333333333582,-65.64999999999485,23,1.6244479889554981,41.01782207633027
176895579.7685,6,22.900000000003335,-115.64999999999202,23,1.6244479889554981,41.01782207633027
176895579.7719,1,3.066666666669782,-145.39999999999526,23,4.8101942747329876,0
176895581.9761,6,100,62.85000000000212,17,4.06151245336518,56.02118121530807
176895581.9796,6,100,12.850000000003618,17,4.06151245336518,56.02118121530807
176895581.9831,6,75.23333333333474,-37.149999999996204,17,4.06151245336518,56.02118121530807
176895581.9865,6,41.9000000000033,-87.14999999999363,17,4.06151245336518,56.02118121530807
176895581.99,6,8.566666666669827,-137.14999999999407,17,4.06151245336518,56.02118121530807
176895584.1942,6,100,80.20833333333445,18,1.5805958205784931,47.47708447838941
176895584.1976,6,100,35.42500000000356,15,2.314162518570634,47.47708447838941
176895584.2011,6,91.12777777777829,-7.908333333329527,14,3.1063514385236854,47.47708447838941
176895584.2046,6,61.39444444444664,-57.90833333332827,14,3.1063514385236854,47.47708447838941
176895584.208,6,28.061111111114354,-107.90833333332546,14,3.1063514385236854,47.47708447838941
176895584.2115,2,10.800000000003088,-133.79999999999166,14,6.828554315571056,0
176895586.4157,6,100,70.00833333333505,17,0.8316666666666667,62.97837381663073
176895586.4192,6,100,26.675000000003838,16,1.5888492797529803,62.97837381663073
176895586.4227,6,83.33888888888983,-23.32499999999632,16,1.5888492797529803,62.97837381663073
176895586.4261,6,51.11666666666944,-73.32499999999403,16,1.5888492797529803,62.97837381663073
176895586.4296,6,17.78333333333647,-123.32499999999165,16,1.5888492797529803,62.97837381663073
176895586.433,1,6.666666666669769,-139.99999999999176,16,4.543095678517882,0
176895588.6372,6,100,70.95000000000165,13,3.427717302802138,62.14797465812908
176895588.6407,6,100,20.950000000003666,13,3.427717302802138,62.14797465812908
176895588.6441,6,80.63333333333445,-29.04999999999647,13,3.427717302802138,62.14797465812908
176895588.6476,6,47.300000000002996,-79.0499999999941,13,3.427717302802138,62.14797465812908
176895588.6511,6,13.966666666669875,-129.04999999999288,13,3.427717302802138,62.14797465812908
176895590.8553,6,100,81.35000000000106,16,0.8220677511661038,48.206221341181184
176895590.8587,6,100,38.016666666670474,15,1.6261002697834652,48.206221341181184
176895590.8622,6,89.78888888888946,-5.316666666662681,14,1.6389721563181514,48.206221341181184
176895590.8657,6,62.01111111111327,-55.31666666666089,14,1.6389721563181514,48.206221341181184
176895590.8691,6,29.788888888891908,-105.31666666665852,14,1.6389721563181514,48.206221341181184
176895590.8726,1,40.00000000000341,-89.99999999998893,14,4.901426430912286,0
176895590.876,1,6.666666666669769,-139.99999999998948,14,4.901426430912286,0
176895593.0802,7,100,68.32142857143037,13,3.2340863295121633,34.935480510263545
176895593.0838,7,100,24.035714285718047,12,3.9196303064248945,34.935480510263545
176895593.0872,7,82.69047619047717,-25.96428571428185,12,3.9196303064248945,34.935480510263545
176895593.0907,7,49.35714285714573,-75.96428571427967,12,3.9196303064248945,34.935480510263545
176895593.0942,7,16.023809523812822,-125.96428571427847,12,3.9196303064248945,34.935480510263545
176895593.0976,1,3.1163821523350066e-12,-149.99999999999403,12,4.798807838389117,0
176895595.3025,6,100,50.00000000000284,18,0,39.50854584352056
176895595.3059,6,100,3.544345372752389e-12,18,0,39.50854584352056
176895595.3094,6,66.66666666666856,-49.999999999995744,18,0,39.50854584352056
176895595.3129,6,33.33333333333712,-99.99999999999291,18,0,39.50854584352056
176895595.3164,6,3.1163821523350066e-12,-149.99999999999633,18,0,39.50854584352056
176895597.5212,6,100,54.10833333333594,20,2.495016666666667,66.084592760377
176895597.5247,6,100,4.108333333336891,20,2.495016666666667,66.084592760377
176895597.5282,6,69.40555555555729,-45.891666666662644,20,2.495016666666667,66.084592760377
176895597.5316,6,36.072222222225854,-95.89166666665982,20,2.495016666666667,66.084592760377
176895597.5351,6,2.738888888891998,-145.89166666666208,20,2.495016666666667,66.084592760377
176895599.7393,6,100,67.2583333333352,20,2.447921856493267,48.06173420531305
176895599.7427,6,100,17.258333333336978,20,2.447921856493267,48.06173420531305
176895599.7462,6,80.08888888889003,-19.683333333329948,18,3.1918290649936574,48.06173420531305
176895599.7497,6,52.311111111113824,-69.6833333333275,18,3.1918290649936574,48.06173420531305
176895599.7532,6,20.211111111113972,-119.68333333332737,18,3.1918290649936574,48.06173420531305
176895599.7566,1,40.7333333333367,-88.89999999999354,18,9.389674114414245,48.06173420531305
176895599.7601,1,7.4000000000031,-138.89999999999378,18,9.389674114414245,48.06173420531305
176895601.9644,6,100,67.25833333333519,20,3.323427574069131,33.37263702223112
176895601.9678,6,100,27.425000000003134,18,4.035387951246857,33.37263702223112
176895601.9713,6,80.65555555555666,-22.574999999996436,18,4.035387951246857,33.37263702223112
176895601.9747,6,51.61666666666941,-72.57499999999423,18,4.035387951246857,33.37263702223112
176895601.9782,6,18.28333333333634,-122.57499999999368,18,4.035387951246857,33.37263702223112
176895601.9816,1,25.766666666670222,-111.34999999999226,18,9.124240955103126,0
176895604.186,6,100,83.15833333333428,21,2.4714773088483306,50.62814884212514
176895604.19,6,100,38.45833333333678,19,3.3038522211164953,50.62814884212514
176895604.1935,6,92.00000000000045,-11.541666666663204,19,3.3038522211164953,50.62814884212514
176895604.197,6,60.72777777778001,-54.87499999999525,18,3.9646241718259745,50.62814884212514
176895604.2004,6,27.394444444447814,-104.87499999999268,18,3.9646241718259745,50.62814884212514
176895604.2038,2,6.183333333336434,-128.62499999999443,18,6.9463868521284375,0
176895606.4084,6,100,76.48333333333467,22,6.380066233687245,35.28309959315314
176895606.4115,6,100,26.48333333333673,22,6.380066233687245,35.28309959315314
176895606.415,6,84.32222222222312,-23.51666666666306,22,6.380066233687245,35.28309959315314
176895606.4185,6,50.98888888889167,-73.51666666666108,22,6.380066233687245,35.28309959315314
176895606.4219,6,17.655555555558955,-123.51666666665994,22,6.380066233687245,35.28309959315314
176895608.6271,7,100,90.00714285714342,27,0.5160797776246973,57.39146789080129
176895608.6331,7,100,58.8571428571452,20,5.13327013215721,57.39146789080129
176895608.6372,7,99.04761904761911,24.264285714289247,17,5.148896597891971,57.39146789080129
176895608.6408,7,79.03809523809642,-25.73571428570987,17,5.148896597891971,57.39146789080129
176895608.6449,7,52.23809523809786,-56.25714285713702,12,5.590591099813798,57.39146789080129
176895608.6497,6,28.72222222222482,-97.29999999999431,12,6.522356283116097,57.39146789080129
176895608.6538,2,54.0333333333354,-61.84999999999252,12,8.627040586712516,57.39146789080129
176895608.6572,1,53.00000000000267,-56.29999999999539,12,12.19097558783786,0
176895608.6607,1,19.66666666666992,-106.29999999999255,12,12.19097558783786,0
176895610.865,7,100,70.0000000000017,16,0,39.66696068078472
176895610.8684,7,100,25.05000000000353,15,0.6808830198629099,39.66696068078472
176895610.8719,7,82.85714285714383,-24.94999999999671,15,0.6808830198629099,39.66696068078472
176895610.8754,7,50.03333333333618,-74.94999999999433,15,0.6808830198629099,39.66696068078472
176895610.8788,7,16.70000000000315,-124.94999999999199,15,0.6808830198629099,39.66696068078472
176895610.8822,1,3.5666666666697804,-144.6499999999951,15,4.766181139040369,0
176895613.0872,6,100,60.908333333335555,13,3.85150791469824,37.28008842287893
176895613.0907,6,100,12.383333333336703,9,4.932926045269348,37.28008842287893
176895613.0941,6,74.21666666666813,-37.6166666666627,9,4.932926045269348,37.28008842287893
176895613.0976,6,41.58888888889221,-87.61666666666027,9,4.932926045269348,37.28008842287893
176895613.101,6,8.255555555558741,-137.61666666666179,9,4.932926045269348,37.28008842287893
176895613.1044,1,4.233333333336445,-143.64999999999486,9,19.638071033682003,0
176895615.3087,6,100,51.55000000000276,12,0.8182780094515815,50.662012359310204
176895615.3121,6,100,8.216666666670568,11,1.5945371204962118,50.662012359310204
176895615.3156,6,72.14444444444602,-41.783333333328905,11,1.5945371204962118,50.662012359310204
176895615.3191,6,38.81111111111459,-91.78333333332633,11,1.5945371204962118,50.662012359310204
176895615.3226,6,5.477777777780973,-141.78333333332827,11,1.5945371204962118,50.662012359310204
176895617.5267,6,100,90.00000000000057,13,0,54.70926123293142
176895617.5302,6,100,46.25833333333639,11,1.501353307367619,54.70926123293142
176895617.5336,6,94.44444444444476,-3.741666666663086,11,1.501353307367619,54.70926123293142
176895617.5372,6,64.17222222222426,-53.74166666666209,11,1.501353307367619,54.70926123293142
176895617.5406,6,30.838888888892345,-103.74166666665936,11,1.501353307367619,54.70926123293142
176895617.544,1,18.366666666669854,-122.44999999999163,11,9.008119844205714,0
176895619.7482,6,100,71.07500000000164,13,1.6418677201115308,43.57186156879987
176895619.7517,6,100,33.6583333333366,11,2.427970134343172,43.57186156879987
176895619.7552,6,87.28333333333406,-16.341666666663304,11,2.427970134343172,43.57186156879987
176895619.7587,6,55.77222222222474,-66.34166666666148,11,2.427970134343172,43.57186156879987
176895619.7621,6,22.43888888889211,-116.34166666665892,11,2.427970134343172,43.57186156879987
176895619.7656,2,5.466666666669774,-141.79999999999444,11,4.852411742694924,0
176895621.9698,7,100,67.0785714285733,10,3.392938855526768,53.214549155349594
176895621.9732,7,100,17.07857142857497,10,3.392938855526768,53.214549155349594
176895621.9767,7,78.05238095238221,-32.92142857142505,10,3.392938855526768,53.214549155349594
176895621.9802,7,44.71904761905076,-82.92142857142245,10,3.392938855526768,53.214549155349594
176895621.9837,7,11.385714285717468,-132.92142857142184,10,3.392938855526768,53.214549155349594
176895624.1878,6,100,91.4333333333338,17,1.6540720333333334,77.41225568694742
176895624.1913,6,100,46.34166666666972,16,1.6540720333333334,77.41225568694742
176895624.1948,6,94.95555555555585,-3.658333333329759,16,1.6540720333333334,77.41225568694742
176895624.1982,6,64.2277777777798,-53.65833333332881,16,1.6540720333333334,77.41225568694742
176895624.2018,6,30.894444444447952,-103.65833333332603,16,1.6540720333333334,77.41225568694742
176895624.2052,1,15.633333333336404,-126.5499999999914,16,4.9515322,0
176895626.4101,6,100,81.39166666666773,24,2.461785895967157,38.534931100201355
176895626.4135,6,100,37.63333333333659,22,3.246945773509376,38.534931100201355
176895626.417,6,90.99444444444494,-12.36666666666324,22,3.246945773509376,38.534931100201355
176895626.4205,6,58.42222222222458,-62.36666666666172,22,3.246945773509376,38.534931100201355
176895626.424,6,25.088888888892328,-112.36666666665906,22,3.246945773509376,38.534931100201355
176895626.4274,2,2.28333333333645,-146.57499999999553,22,4.8233135067200195,0
176895628.6316,6,100,60.01666666666893,24,5.685779336629569,66.53857786735419
176895628.6352,6,100,19.483333333336997,21,6.935585335673726,66.53857786735419
176895628.6385,6,78.15000000000124,-30.516666666662392,21,6.935585335673726,66.53857786735419
176895628.642,6,46.32222222222527,-80.5166666666603,21,6.935585335673726,66.53857786735419
176895628.6454,6,12.988888888892111,-130.516666666661,21,6.935585335673726,66.53857786735419
176895628.6489,1,9.033333333336428,-136.44999999999322,21,16.663512014042354,0
176895630.8531,6,100,60.10000000000227,22,1.229311140913122,38.7006125497767
176895630.8566,6,100,10.100000000003554,22,1.229311140913122,38.7006125497767
176895630.86,6,73.40000000000151,-39.89999999999632,22,1.229311140913122,38.7006125497767
176895630.8635,6,40.06666666667007,-89.89999999999348,22,1.229311140913122,38.7006125497767
176895630.867,6,6.733333333336436,-139.89999999999404,22,1.229311140913122,38.7006125497767
176895633.0711,6,100,66.64166666666857,22,2.483531666666667,48.79332331884938
176895633.0746,6,100,17.85000000000337,20,3.818073099213174,48.79332331884938
176895633.0781,6,77.79444444444572,-32.149999999996346,20,3.818073099213174,48.79332331884938
176895633.0816,6,45.23333333333645,-82.14999999999392,20,3.818073099213174,48.79332331884938
176895633.0851,6,11.900000000003173,-132.14999999999392,20,3.818073099213174,48.79332331884938
176895633.0885,1,4.633333333336443,-143.04999999999472,20,12.928438595279044,0
176895635.2934,7,100,51.60000000000275,18,3.5443311831285724,53.07862667848477
176895635.2969,7,100,1.6000000000035421,18,3.5443311831285724,53.07862667848477
176895635.3003,7,67.73333333333517,-48.39999999999584,18,3.5443311831285724,53.07862667848477
176895635.3038,7,34.40000000000373,-98.39999999999301,18,3.5443311831285724,53.07862667848477
176895635.3073,7,1.0666666666697826,-148.39999999999597,18,3.5443311831285724,53.07862667848477
176895637.5114,6,100,56.40833333333581,19,1.6549904244304188,43.80125731177873
176895637.5149,6,100,6.408333333336924,19,1.6549904244304188,43.80125731177873
176895637.5184,6,70.93888888889053,-43.59166666666275,19,1.6549904244304188,43.80125731177873
176895637.5218,6,37.6055555555591,-93.59166666665995,19,1.6549904244304188,43.80125731177873
176895637.5253,6,4.272222222225326,-143.5916666666615,19,1.6549904244304188,43.80125731177873
176895639.7295,7,100,78.51428571428694,20,2.114720235595788,74.82510425501272
176895639.733,7,100,28.51428571428929,20,2.114720235595788,74.82510425501272
176895639.7364,7,85.6761904761913,-21.485714285710916,20,2.114720235595788,74.82510425501272
176895639.7399,7,52.34285714285985,-71.48571428570881,20,2.114720235595788,74.82510425501272
176895639.7434,7,19.00952380952711,-121.48571428570631,20,2.114720235595788,74.82510425501272
176895641.9475,6,100,90.06666666666723,23,0.7068908863784227,44.1680032855746
176895641.951,6,100,49.92500000000322,19,2.9319488557292126,44.1680032855746
176895641.9545,6,97.00000000000017,13.258333333337738,17,4.355466092500513,44.1680032855746
176895641.9579,6,76.95000000000131,-23.40833333332829,15,5.232215364299106,44.1680032855746
176895641.9614,6,49.172222222224924,-73.408333333326,15,5.232215364299106,44.1680032855746
176895641.9649,4,28.758333333336193,-105.11249999999157,15,7.848323046448659,44.1680032855746
176895641.9683,1,35.33333333333701,-89.99999999999022,15,9.03158930790228,0
176895641.9717,1,2.0000000000031193,-139.9999999999908,15,9.03158930790228,0
176895644.176,6,100,67.07500000000225,19,4.382085613128424,52.718498342018734
176895644.1795,6,100,20.058333333336765,18,5.070842117670126,52.718498342018734
176895644.1829,6,79.16111111111229,-29.94166666666305,18,5.070842117670126,52.718498342018734
176895644.1864,6,46.70555555555859,-79.94166666666071,18,5.070842117670126,52.718498342018734
176895644.1899,6,13.372222222225382,-129.9416666666601,18,5.070842117670126,52.718498342018734
176895644.1933,1,5.266666666669774,-142.0999999999945,18,5.674448010960444,0
176895646.3982,6,100,52.59166666666936,21,2.402661418333333,61.791523633610495
176895646.4017,6,100,2.5916666666702146,21,2.402661418333333,61.791523633610495
176895646.4051,6,68.39444444444625,-47.40833333332923,21,2.402661418333333,61.791523633610495
176895646.4086,6,35.061111111114805,-97.40833333332638,21,2.402661418333333,61.791523633610495
176895646.4121,6,1.7277777777808916,-147.40833333332907,21,2.402661418333333,61.791523633610495
176895648.6162,6,100,70.16666666666836,21,5.78719533989593,65.11801222000827
176895648.6197,6,100,28.108333333336702,19,5.78719533989593,65.11801222000827
176895648.6232,6,84.55000000000088,-21.891666666663173,19,5.78719533989593,65.11801222000827
176895648.6267,6,52.072222222224944,-71.89166666666118,19,5.78719533989593,65.11801222000827
176895648.6301,6,18.738888888892166,-121.89166666665953,19,5.78719533989593,65.11801222000827
176895648.6336,1,5.1333333333364415,-142.29999999999455,19,4.99,0
176895650.8385,6,100,66.2750000000023,16,3.9537684626741942,50.006900184247286
176895650.842,6,100,16.275000000003974,16,3.9537684626741942,50.006900184247286
176895650.8454,6,77.51666666666794,-33.724999999995866,16,3.9537684626741942,50.006900184247286
176895650.8489,6,44.1833333333365,-83.72499999999344,16,3.9537684626741942,50.006900184247286
176895650.8524,6,10.850000000003204,-133.72499999999343,16,3.9537684626741942,50.006900184247286
176895653.0572,6,100,90.09166666666722,19,0.8286816666666668,56.00236579446115
176895653.0607,6,100,44.63333333333648,17,1.6471023980431319,56.00236579446115
176895653.0641,6,96.66666666666686,8.608333333336532,14,2.468570497158321,56.00236579446115
176895653.0676,6,69.75555555555728,-41.39166666666228,14,2.468570497158321,56.00236579446115
176895653.0711,6,39.0722222222254,-91.39166666666,14,2.468570497158321,56.00236579446115
176895653.0745,3,18.144444444447483,-122.78333333332837,14,4.937140994316642,56.00236579446115
176895653.078,1,15.90000000000307,-126.14999999999142,14,4.928808594691134,56.00236579446115
176895655.2822,7,100,72.10000000000159,12,3.552585844959183,29.31234597680425
176895655.2857,7,100,28.12142857143208,10,4.258987893022073,29.31234597680425
176895655.2892,7,84.25714285714375,-21.8785714285681,10,4.258987893022073,29.31234597680425
176895655.2926,7,52.080952380955104,-71.87857142856593,10,4.258987893022073,29.31234597680425
176895655.2961,7,18.747619047622184,-121.87857142856333,10,4.258987893022073,29.31234597680425
176895655.2995,1,8.100000000003098,-137.84999999999354,10,4.944814336440221,29.31234597680425
176895657.5037,6,100,63.40833333333541,14,2.4793472946789916,50.991052961462344
176895657.5072,6,100,20.075000000003815,13,2.4793472946789916,50.991052961462344
176895657.5107,6,79.60000000000116,-29.924999999996032,13,2.4793472946789916,50.991052961462344
176895657.5141,6,46.71666666666969,-79.92499999999367,13,2.4793472946789916,50.991052961462344
176895657.5176,6,13.383333333336525,-129.92499999999302,13,2.4793472946789916,50.991052961462344
176895657.5211,1,2.700000000003117,-145.9499999999931,13,4.99,0
176895659.726,6,100,58.1833333333357,10,3.276099869147904,61.06882926273193
176895659.7294,6,100,8.183333333336945,10,3.276099869147904,61.06882926273193
176895659.7328,6,76.08333333333469,-28.48333333332894,8,4.555515616630768,61.06882926273193
176895659.7363,6,47.677777777780754,-78.48333333332666,8,4.555515616630768,61.06882926273193
176895659.7398,6,14.344444444447428,-128.48333333332815,8,4.555515616630768,61.06882926273193
176895659.7432,1,29.56666666667041,-105.64999999998965,8,12.489595361047474,0
176895661.9476,7,100,90.00000000000057,13,0,41.38392923471773
176895661.951,7,100,40.00000000000341,13,0,41.38392923471773
176895661.9544,7,93.33333333333371,-9.999999999996463,13,0,41.38392923471773
176895661.9579,7,60.000000000002274,-59.999999999995175,13,0,41.38392923471773
176895661.9614,7,26.666666666670267,-109.99999999999235,13,0,41.38392923471773
176895664.1663,6,100,91.55000000000048,14,1.6439946034546484,45.330024050222534
176895664.1697,6,100,49.78333333333618,12,3.2879852352149572,45.330024050222534
176895664.1732,6,96.58888888888909,-0.21666666666309098,12,3.2879852352149572,45.330024050222534
176895664.1767,6,66.52222222222413,-50.21666666666235,12,3.2879852352149572,45.330024050222534
176895664.1801,6,33.188888888892414,-100.21666666665955,12,3.2879852352149572,45.330024050222534
176895664.1836,2,9.800000000003092,-135.29999999999313,12,4.931971895280926,0
176895666.3879,6,100,70.00833333333505,16,0.8316666666666667,54.245425115277556
176895666.3913,6,100,29.341666666669976,13,2.3706695952411567,54.245425115277556
176895666.3947,6,83.33888888888983,-20.658333333329992,13,2.3706695952411567,54.245425115277556
176895666.3981,6,52.89444444444712,-70.6583333333278,13,2.3706695952411567,54.245425115277556
176895666.4017,6,19.561111111114144,-120.65833333332553,13,2.3706695952411567,54.245425115277556
176895666.4051,1,17.33333333333647,-123.99999999999154,13,9.234017571446941,54.245425115277556
176895668.6093,6,100,73.90833333333482,20,3.7348213637711765,45.841147275497754
176895668.6128,6,100,35.600000000003185,17,4.853403642533515,45.841147275497754
176895668.6162,6,87.55000000000071,-14.399999999996616,17,4.853403642533515,45.841147275497754
176895668.6197,6,65.40555555555753,-26.25833333332858,10,6.07091468903257,45.841147275497754
176895668.6232,6,42.077777777780206,-76.25833333332635,10,6.07091468903257,45.841147275497754
176895668.6273,3,41.65555555555812,-75.14999999999462,10,9.418526539885187,0
176895668.6314,2,26.533333333336284,-91.64999999999213,10,9.503279975784181,0
176895668.6349,1,17.766666666669824,-123.34999999999158,10,7.748878775713781,0
176895670.8393,6,100,77.03333333333464,13,1.629370281551422,57.33828404569624
176895670.8425,6,100,27.033333333336913,13,1.629370281551422,57.33828404569624
176895670.8461,6,84.68888888888976,-22.966666666663333,13,1.629370281551422,57.33828404569624
176895670.8496,6,51.35555555555832,-72.96666666666111,13,1.629370281551422,57.33828404569624
176895670.8531,6,18.02222222222548,-122.96666666665867,13,1.629370281551422,57.33828404569624
176895673.0572,6,100,90.9000000000005,15,0.818248738789213,52.491636602588635
176895673.0606,6,100,53.78333333333597,9,4.654947433440419,52.491636602588635
176895673.0642,6,97.7777777777779,3.7833333333369032,9,4.654947433440419,52.491636602588635
176895673.0676,6,69.18888888889065,-46.216666666662626,9,4.654947433440419,52.491636602588635
176895673.071,6,35.855555555559015,-96.2166666666598,9,4.654947433440419,52.491636602588635
176895673.0745,4,7.116666666669767,-139.32499999999388,9,6.9824211501606275,0
176895675.2787,6,100,63.766666666668726,10,2.383607234084737,43.2579383791847
176895675.2822,6,100,13.766666666670274,10,2.383607234084737,43.2579383791847
176895675.2856,6,75.84444444444581,-36.23333333332971,10,2.383607234084737,43.2579383791847
176895675.2891,6,42.51111111111438,-86.23333333332702,10,2.383607234084737,43.2579383791847
176895675.2926,6,9.177777777780912,-136.23333333332695,10,2.383607234084737,43.2579383791847
176895677.4969,7,100,80.25714285714399,11,1.421906,41.74569365351028
176895677.501,7,100,30.257142857146697,11,1.421906,41.74569365351028
176895677.5045,7,86.83809523809599,-19.742857142853744,11,1.421906,41.74569365351028
176895677.508,7,53.50476190476455,-69.74285714285176,11,1.421906,41.74569365351028
176895677.512,7,20.17142857143185,-119.74285714284893,11,1.421906,41.74569365351028
176895679.7163,6,100,81.48333333333439,12,1.567637245586172,37.69496597777721
176895679.7197,6,100,31.48333333333711,12,1.567637245586172,37.69496597777721
176895679.7232,6,87.65555555555625,-18.51666666666325,12,1.567637245586172,37.69496597777721
176895679.7266,6,54.322222222224816,-68.51666666666135,12,1.567637245586172,37.69496597777721
176895679.7301,6,20.988888888892205,-118.51666666665852,12,1.567637245586172,37.69496597777721
176895681.9342,6,100,80.86666666666775,15,1.6633333333333333,56.75833267211387
176895681.9384,6,100,39.933333333336655,13,3.164535686445287,56.75833267211387
176895681.9418,6,91.11666666666717,-10.066666666663219,13,3.164535686445287,56.75833267211387
176895681.9453,6,59.95555555555783,-60.06666666666184,13,3.164535686445287,56.75833267211387
176895681.9488,6,26.622222222225542,-110.066666666659,13,3.164535686445287,56.75833267211387
176895681.9523,2,6.51666666666977,-140.22499999999408,13,6.9986070593358605,0
176895684.1565,6,100,69.28333333333508,14,2.4728772914243087,50.961861263472855
176895684.16,6,100,25.9500000000038,13,2.698387805517587,50.961861263472855
176895684.1634,6,82.67777777777876,-24.049999999996047,13,2.698387805517587,50.961861263472855
176895684.1669,6,50.63333333333614,-74.049999999994,13,2.698387805517587,50.961861263472855
176895684.1705,6,17.300000000003223,-124.04999999999289,13,2.698387805517587,50.961861263472855
176895684.1745,1,7.733333333336432,-138.3999999999914,13,6.283801122357982,0
176895686.3788,6,100,65.20000000000198,15,2.413474086236989,57.290859754833065
176895686.3829,6,100,15.200000000003627,15,2.413474086236989,57.290859754833065
176895686.3864,6,76.80000000000132,-34.79999999999645,15,2.413474086236989,57.290859754833065
176895686.3899,6,43.46666666666988,-84.79999999999377,15,2.413474086236989,57.290859754833065
176895686.3933,6,10.133333333336454,-134.79999999999322,15,2.413474086236989,57.290859754833065
176895688.5976,6,100,76.65000000000133,17,1.6440121321987957,45.62623675751081
176895688.6016,6,100,26.6500000000036,17,1.6440121321987957,45.62623675751081
176895688.6051,6,84.43333333333422,-23.349999999996665,17,1.6440121321987957,45.62623675751081
176895688.6085,6,51.10000000000278,-73.34999999999442,17,1.6440121321987957,45.62623675751081
176895688.612,6,17.76666666666992,-123.34999999999195,17,1.6440121321987957,45.62623675751081
176895690.8163,6,100,90.93333333333385,19,0.5982525704181175,50.97335493516075
176895690.8196,6,100,43.658333333336536,17,0.8253239181666666,50.97335493516075
176895690.8231,6,94.44444444444476,-6.341666666663123,17,0.8253239181666666,50.97335493516075
176895690.8265,6,62.43888888889103,-56.34166666666206,17,0.8253239181666666,50.97335493516075
176895690.8301,6,29.10555555555911,-106.34166666665921,17,0.8253239181666666,50.97335493516075
176895690.8335,1,7.966666666669765,-138.0499999999936,17,4.9519435089999995,0
176895693.0378,6,100,65.50000000000196,13,3.7818765250929727,31.485026024660502
176895693.0418,6,100,15.500000000003565,13,3.7818765250929727,31.485026024660502
176895693.0453,6,77.00000000000131,-34.4999999999964,13,3.7818765250929727,31.485026024660502
176895693.0488,6,43.66666666666987,-84.49999999999379,13,3.7818765250929727,31.485026024660502
176895693.0522,6,10.333333333336503,-134.49999999999352,13,3.7818765250929727,31.485026024660502
176895695.2565,6,100,80.44166666666779,15,3.3192521098333336,68.89393452018588
176895695.26,6,100,39.71666666667003,13,4.9565900946696795,68.89393452018588
176895695.2634,6,91.40555555555603,-10.28333333332988,13,4.9565900946696795,68.89393452018588
176895695.2669,6,59.811111111113405,-60.28333333332849,13,4.9565900946696795,68.89393452018588
176895695.2704,6,26.47777777778113,-110.28333333332564,13,4.9565900946696795,68.89393452018588
176895695.2738,2,5.2166666666697745,-142.17499999999453,13,4.912013954509037,0
176895697.4779,6,100,69.96666666666837,12,3.1439973608579312,59.331036153030055
176895697.4814,6,100,19.966666666670175,12,3.1439973608579312,59.331036153030055
176895697.4849,6,79.97777777777891,-30.033333333329704,12,3.1439973608579312,59.331036153030055
176895697.489,6,46.64444444444748,-80.03333333332738,12,3.1439973608579312,59.331036153030055
176895697.4926,6,13.311111111114379,-130.03333333332682,12,3.1439973608579312,59.331036153030055
176895698.4967,4,100,92.46250000000042,11,1.2327984372025,0
176895698.5001,4,100,42.462500000003274,11,1.2327984372025,0
176895698.5036,4,94.97500000000028,-7.537499999996463,11,1.2327984372025,0
176895698.5071,4,61.64166666666885,-57.53749999999532,11,1.2327984372025,0
176895698.5105,4,28.308333333336982,-107.53749999999248,11,1.2327984372025,0
176895698.514,1,3.1163821523350066e-12,-149.9999999999963,11,4.93119374881,0
176895700.7189,6,100,58.36666666666941,10,5.44604306981591,61.044046571801175
176895700.7224,6,100,8.36666666667057,10,5.44604306981591,61.044046571801175
176895700.7259,6,72.24444444444602,-41.63333333332892,10,5.44604306981591,61.044046571801175
176895700.7293,6,38.911111111114586,-91.63333333332633,10,5.44604306981591,61.044046571801175
176895700.7328,6,5.577777777780974,-141.6333333333282,10,5.44604306981591,61.044046571801175
176895702.937,7,100,90.01428571428629,12,4.990000000000001,39.55113933580856
176895702.9404,7,100,51.22857142857453,9,4.990000000000001,39.55113933580856
176895702.9439,7,95.24761904761931,1.2285714285753733,9,4.990000000000001,39.55113933580856
176895702.9474,7,67.48571428571613,-48.77142857142384,9,4.990000000000001,39.55113933580856
176895702.9508,7,34.15238095238429,-98.77142857142124,9,4.990000000000001,39.55113933580856
176895702.9543,2,19.500000000003244,-120.74999999999059,9,4.99,0
176895705.1585,6,100,81.02500000000107,10,1.6477926687997408,49.51282674941959
176895705.1619,6,100,31.025000000003804,10,1.6477926687997408,49.51282674941959
176895705.1654,6,87.3500000000007,-18.974999999996587,10,1.6477926687997408,49.51282674941959
176895705.1689,6,54.01666666666927,-68.97499999999467,10,1.6477926687997408,49.51282674941959
176895705.1723,6,20.683333333336634,-118.97499999999184,10,1.6477926687997408,49.51282674941959
176895707.3768,7,100,81.90000000000103,12,2.1292476081098575,48.752258589671634
176895707.38,7,100,51.892857142860485,7,4.054529219650343,48.752258589671634
176895707.3835,7,93.6380952380956,1.8928571428613026,7,4.054529219650343,48.752258589671634
176895707.387,7,67.92857142857325,-48.107142857137795,7,4.054529219650343,48.752258589671634
176895707.3905,7,34.595238095241214,-98.10714285713523,7,4.054529219650343,48.752258589671634
176895707.3939,3,17.788888888892142,-123.3166666666571,7,6.155657093594466,0
176895709.5984,6,100,90.0083333333339,10,0.8316666666666667,75.35044059517024
176895709.6022,6,100,51.20833333333649,8,1.5904167575952564,75.35044059517024
176895709.6057,6,95.55555555555581,1.208333333337319,8,1.5904167575952564,75.35044059517024
176895709.6092,6,67.47222222222406,-48.79166666666196,8,1.5904167575952564,75.35044059517024
176895709.6133,6,34.138888888892254,-98.79166666665928,8,1.5904167575952564,75.35044059517024
176895709.6167,2,15.750000000003176,-126.37499999999093,8,4.771250272785769,0
176895711.8204,6,100,81.75833333333436,11,0.8186625822395167,46.69119688478535
176895711.8238,6,100,37.825000000003435,9,1.6146087677777334,46.69119688478535
176895711.8273,6,90.06111111111169,-12.174999999996537,9,1.6146087677777334,46.69119688478535
176895711.8307,6,58.55000000000236,-62.17499999999506,9,1.6146087677777334,46.69119688478535
176895711.8341,6,25.216666666669976,-112.17499999999222,9,1.6146087677777334,46.69119688478535
176895711.8377,1,10.93333333333642,-133.59999999999258,9,4.775677113229301,0
176895714.0418,6,100,62.64166666666879,11,1.6633333333333333,57.41099012197071
176895714.0452,6,100,12.641666666670256,11,1.6633333333333333,57.41099012197071
176895714.0487,6,75.09444444444586,-37.35833333332971,11,1.6633333333333333,57.41099012197071
176895714.0522,6,41.761111111114424,-87.35833333332697,11,1.6633333333333333,57.41099012197071
176895714.0556,6,8.427777777780884,-137.35833333332695,11,1.6633333333333333,57.41099012197071
176895716.2599,6,100,71.52500000000161,12,1.6357891294684226,37.87762778363378
176895716.2634,6,100,26.141666666670158,9,2.736491830603299,37.87762778363378
176895716.2669,6,83.33888888888983,-23.858333333330034,9,2.736491830603299,37.87762778363378
176895716.2704,6,50.761111111113905,-73.85833333332772,9,2.736491830603299,37.87762778363378
176895716.2738,6,17.427777777780932,-123.85833333332533,9,2.736491830603299,37.87762778363378
176895716.2771,1,4.533333333336444,-143.19999999999476,9,11.428950983619792,0